{
    "data": [
        {
            "id": 115,
            "name": "cc",
            "price": "zz",
            "created_at": "2023-08-15T07:28:44.000000Z",
            "updated_at": "2023-08-15T07:28:44.000000Z"
        },
        {
            "id": 114,
            "name": "aaa",
            "price": "sdasd",
            "created_at": "2023-08-15T07:10:40.000000Z",
            "updated_at": "2023-08-15T07:10:40.000000Z"
        },
        {
            "id": 113,
            "name": "fa",
            "price": "zv",
            "created_at": "2023-08-15T07:10:03.000000Z",
            "updated_at": "2023-08-15T07:10:03.000000Z"
        },
        {
            "id": 112,
            "name": "ooidoioi",
            "price": "12312213",
            "created_at": "2023-08-15T07:05:09.000000Z",
            "updated_at": "2023-08-15T07:05:09.000000Z"
        },
        {
            "id": 111,
            "name": "12321323",
            "price": "asdasdasdasd",
            "created_at": "2023-08-15T06:59:45.000000Z",
            "updated_at": "2023-08-15T06:59:45.000000Z"
        },
        {
            "id": 110,
            "name": "zxzxc",
            "price": "faaf",
            "created_at": "2023-08-15T06:59:28.000000Z",
            "updated_at": "2023-08-15T06:59:28.000000Z"
        },
        {
            "id": 109,
            "name": "zz",
            "price": "xx",
            "created_at": "2023-08-15T06:58:48.000000Z",
            "updated_at": "2023-08-15T06:58:48.000000Z"
        }
    ]
  }
  